,Name,VMAF_LABEL,VMAF_PRED
0,CSGO-Scene-001.mp4,35.218783,37.51125
1,CSGO-Scene-004.mp4,39.438242,33.348806
2,CSGO-Scene-007.mp4,60.674903,60.674903
3,720p50_mobcal_ter-Scene-001.mp4,52.740557,99.429535
